,metric,value
0,Precision,0.227125243348475
1,Recall,0.227125243348475
2,F1,0.227125243348475
3,MAE,12.251735533721828
4,R2,-0.9006256642081176
5,ME,86.60725107882317
6,2D Error,13.776657062676676
7,fdp,100.0
8,SD,12.910575023227741
9,EVAAL,27.988270251437594
